{"data":[{"files":[{"branches":[],"expansions":[],"filename":"/Users/xuanzhang/Desktop/未命名文件夹/hw3/Test.cpp","segments":[[4,25,1,true,true,false],[8,1,0,false,true,false],[8,1,1,true,false,false],[10,18,1,true,true,false],[11,2,0,false,false,false],[13,25,1,true,true,false],[17,1,0,false,true,false],[17,1,1,true,false,false],[19,18,1,true,true,false],[20,2,0,false,false,false],[22,26,1,true,true,false],[26,1,0,false,true,false],[26,1,1,true,false,false],[28,18,1,true,true,false],[29,2,0,false,false,false],[31,29,1,true,true,false],[35,1,0,false,true,false],[35,1,1,true,false,false],[37,18,1,true,true,false],[38,1,0,false,true,false],[38,1,1,true,false,false],[39,2,0,false,false,false],[41,50,3,true,true,false],[43,1,0,false,true,false],[43,1,3,true,false,false],[44,13,1,true,false,true],[44,23,1,true,true,false],[46,6,3,true,false,false],[47,1,0,false,true,false],[47,1,3,true,false,false],[48,12,3,true,true,false],[48,13,1,true,false,true],[48,29,1,true,true,false],[50,6,3,true,false,false],[51,1,0,false,true,false],[51,1,3,true,false,false],[52,12,3,true,true,false],[52,13,1,true,false,true],[52,22,1,true,true,false],[54,6,3,true,false,false],[55,2,0,false,false,false],[56,50,3,true,true,false],[59,1,0,false,true,false],[59,1,3,true,false,false],[60,13,1,true,false,true],[60,23,1,true,true,false],[62,6,3,true,false,false],[63,1,0,false,true,false],[63,1,3,true,false,false],[64,12,3,true,true,false],[64,13,1,true,false,true],[64,29,1,true,true,false],[66,16,1,true,true,false],[67,6,3,true,false,false],[68,1,0,false,true,false],[68,1,3,true,false,false],[69,12,3,true,true,false],[69,13,1,true,false,true],[69,22,1,true,true,false],[71,6,3,true,false,false],[72,2,0,false,false,false],[74,51,3,true,true,false],[77,1,0,false,true,false],[77,1,3,true,false,false],[78,13,1,true,false,true],[78,23,1,true,true,false],[80,6,3,true,false,false],[81,1,0,false,true,false],[81,1,3,true,false,false],[82,12,3,true,true,false],[82,13,1,true,false,true],[82,29,1,true,true,false],[84,16,1,true,true,false],[85,6,3,true,false,false],[86,1,0,false,true,false],[86,1,3,true,false,false],[87,12,3,true,true,false],[87,13,1,true,false,true],[87,22,1,true,true,false],[89,6,3,true,false,false],[90,2,0,false,false,false],[92,54,3,true,true,false],[94,1,0,false,true,false],[94,1,3,true,false,false],[95,13,1,true,false,true],[95,23,1,true,true,false],[97,6,3,true,false,false],[98,1,0,false,true,false],[98,1,3,true,false,false],[99,12,3,true,true,false],[99,13,1,true,false,true],[99,29,1,true,true,false],[101,6,3,true,false,false],[102,1,0,false,true,false],[102,1,3,true,false,false],[103,12,3,true,true,false],[103,13,1,true,false,true],[103,22,1,true,true,false],[105,16,1,true,true,false],[106,6,3,true,false,false],[107,2,0,false,false,false],[108,44,1,true,true,false],[111,5,1,true,true,false],[113,5,1,true,true,false],[114,2,0,false,false,false],[115,25,1,true,true,false],[118,1,0,false,true,false],[118,1,1,true,false,false],[119,5,1,true,true,false],[121,2,0,false,false,false],[123,38,1,true,true,false],[126,5,1,true,true,false],[127,1,0,false,true,false],[127,1,1,true,false,false],[130,5,1,true,true,false],[131,2,0,false,false,false],[134,47,1,true,true,false],[138,1,0,false,true,false],[138,1,1,true,false,false],[139,10,1,true,true,false],[142,2,0,false,false,false]],"summary":{"branches":{"count":0,"covered":0,"notcovered":0,"percent":0},"functions":{"count":12,"covered":12,"percent":100},"instantiations":{"count":12,"covered":12,"percent":100},"lines":{"count":110,"covered":110,"percent":100},"regions":{"count":45,"covered":45,"notcovered":0,"percent":100}}},{"branches":[[14,21,14,29,0,1,0,0,4],[20,13,20,28,0,0,0,0,4],[25,20,25,35,0,0,0,0,4],[28,17,28,27,0,0,0,0,4]],"expansions":[],"filename":"/Users/xuanzhang/Desktop/未命名文件夹/hw3/cmdline.cpp","segments":[[8,44,1,true,true,false],[10,1,0,false,true,false],[13,44,1,true,false,false],[14,21,1,true,true,false],[14,29,1,true,false,false],[14,31,0,true,true,false],[14,34,1,true,false,false],[14,35,0,true,false,true],[14,36,0,true,true,false],[16,1,0,false,true,false],[19,54,0,true,false,false],[20,13,0,true,true,false],[20,28,0,true,false,false],[20,30,0,true,true,false],[21,1,0,false,true,false],[22,72,0,true,false,false],[25,16,0,true,true,false],[25,20,0,true,true,false],[25,35,0,true,false,false],[25,37,0,true,true,false],[26,1,0,false,true,false],[27,58,0,true,false,false],[28,17,0,true,true,false],[28,27,0,true,false,false],[28,29,0,true,true,false],[29,1,0,false,true,false],[30,94,0,true,false,false],[33,1,0,false,true,false],[33,53,0,true,false,false],[34,20,0,true,true,false],[35,1,0,false,true,false],[36,100,0,true,false,false],[40,16,0,true,true,false],[41,1,0,false,true,false],[42,110,0,true,false,false],[46,6,1,true,false,false],[47,2,0,false,false,false]],"summary":{"branches":{"count":8,"covered":1,"notcovered":7,"percent":12.5},"functions":{"count":1,"covered":1,"percent":100},"instantiations":{"count":1,"covered":1,"percent":100},"lines":{"count":21,"covered":4,"percent":19.047619047619047},"regions":{"count":13,"covered":2,"notcovered":11,"percent":15.384615384615385}}},{"branches":[[18,12,18,15,16,0,0,0,4],[18,19,18,38,13,3,0,0,4],[32,12,32,31,2,1,0,0,4],[32,35,32,54,0,1,0,0,4],[41,12,41,15,5,0,0,0,4],[41,19,41,40,4,1,0,0,4],[41,44,41,65,4,0,0,0,4],[55,12,55,31,1,2,0,0,4],[55,35,55,54,0,2,0,0,4],[64,12,64,16,3,0,0,0,4],[64,20,64,42,2,1,0,0,4],[64,46,64,68,2,0,0,0,4],[77,9,77,24,6,3,0,0,4],[86,12,86,15,5,0,0,0,4],[86,19,86,36,4,1,0,0,4]],"expansions":[],"filename":"/Users/xuanzhang/Desktop/未命名文件夹/hw3/expr.cpp","segments":[[4,25,15,true,true,false],[6,2,0,false,false,false],[8,32,7,true,true,false],[10,2,0,false,false,false],[12,77,12,true,true,false],[14,2,0,false,false,false],[16,43,16,true,true,false],[18,12,16,true,true,false],[18,15,16,true,false,false],[18,19,16,true,true,false],[18,38,16,true,false,false],[19,2,0,false,false,false],[22,13,15,true,true,false],[25,2,0,false,false,false],[27,25,6,true,true,false],[29,2,0,false,false,false],[31,32,3,true,true,false],[32,12,3,true,true,false],[32,31,3,true,false,false],[32,35,1,true,true,false],[32,54,3,true,false,false],[33,2,0,false,false,false],[35,77,5,true,true,false],[37,2,0,false,false,false],[39,43,5,true,true,false],[41,12,5,true,true,false],[41,15,5,true,false,false],[41,19,5,true,true,false],[41,40,5,true,false,false],[41,44,4,true,true,false],[41,65,5,true,false,false],[42,2,0,false,false,false],[45,15,13,true,true,false],[48,2,0,false,false,false],[50,26,4,true,true,false],[52,2,0,false,false,false],[54,33,3,true,true,false],[55,12,3,true,true,false],[55,31,3,true,false,false],[55,35,2,true,true,false],[55,54,3,true,false,false],[56,2,0,false,false,false],[58,78,2,true,true,false],[60,2,0,false,false,false],[62,44,3,true,true,false],[64,12,3,true,true,false],[64,16,3,true,false,false],[64,20,3,true,true,false],[64,42,3,true,false,false],[64,46,2,true,true,false],[64,68,3,true,false,false],[65,2,0,false,false,false],[68,29,2,true,true,false],[70,2,0,false,false,false],[72,36,4,true,true,false],[74,2,0,false,false,false],[76,81,9,true,true,false],[77,9,9,true,true,false],[77,24,9,true,false,false],[77,25,6,true,false,true],[77,26,6,true,true,false],[79,6,3,true,false,true],[79,12,3,true,true,false],[81,6,9,true,false,false],[82,2,0,false,false,false],[84,47,5,true,true,false],[86,12,5,true,true,false],[86,15,5,true,false,false],[86,19,5,true,true,false],[86,36,5,true,false,false],[87,2,0,false,false,false]],"summary":{"branches":{"count":30,"covered":22,"notcovered":8,"percent":73.333333333333329},"functions":{"count":18,"covered":18,"percent":100},"instantiations":{"count":18,"covered":18,"percent":100},"lines":{"count":64,"covered":64,"percent":100},"regions":{"count":37,"covered":37,"notcovered":0,"percent":100}}},{"branches":[],"expansions":[],"filename":"/Users/xuanzhang/Desktop/未命名文件夹/hw3/expr.h","segments":[[9,21,92,true,true,false],[9,23,0,false,false,false],[20,35,73,true,true,false],[20,37,0,false,false,false],[32,52,23,true,true,false],[32,54,0,false,false,false],[45,53,15,true,true,false],[45,55,0,false,false,false],[57,51,23,true,true,false],[57,53,0,false,false,false]],"summary":{"branches":{"count":0,"covered":0,"notcovered":0,"percent":0},"functions":{"count":5,"covered":5,"percent":100},"instantiations":{"count":5,"covered":5,"percent":100},"lines":{"count":5,"covered":5,"percent":100},"regions":{"count":5,"covered":5,"notcovered":0,"percent":100}}},{"branches":[[10,9,10,36,0,1,0,0,4]],"expansions":[],"filename":"/Users/xuanzhang/Desktop/未命名文件夹/hw3/main.cpp","segments":[[6,33,1,true,true,false],[7,1,0,false,true,false],[7,1,1,true,false,false],[9,1,0,false,true,false],[9,1,1,true,false,false],[10,9,1,true,true,false],[10,36,1,true,false,false],[10,37,0,true,false,true],[10,38,0,true,true,false],[12,6,1,true,true,false],[13,1,0,false,true,false],[14,1,1,true,false,false],[16,2,0,false,false,false]],"summary":{"branches":{"count":2,"covered":1,"notcovered":1,"percent":50},"functions":{"count":1,"covered":1,"percent":100},"instantiations":{"count":1,"covered":1,"percent":100},"lines":{"count":7,"covered":6,"percent":85.714285714285708},"regions":{"count":4,"covered":3,"notcovered":1,"percent":75}}}],"functions":[{"branches":[[10,9,10,36,0,1,0,0,4]],"count":1,"filenames":["/Users/xuanzhang/Desktop/未命名文件夹/hw3/main.cpp"],"name":"main","regions":[[6,33,16,2,1,0,0,0],[7,1,7,1,0,0,0,2],[9,1,9,1,0,0,0,2],[10,9,10,36,1,0,0,0],[10,37,10,38,0,0,0,3],[10,38,12,6,0,0,0,0],[12,6,15,13,1,0,0,0],[13,1,14,1,0,0,0,2]]},{"branches":[[14,21,14,29,0,1,0,0,4],[20,13,20,28,0,0,0,0,4],[25,20,25,35,0,0,0,0,4],[28,17,28,27,0,0,0,0,4]],"count":1,"filenames":["/Users/xuanzhang/Desktop/未命名文件夹/hw3/cmdline.cpp"],"name":"_Z13use_argumentsiPPc","regions":[[8,44,47,2,1,0,0,0],[10,1,13,44,0,0,0,2],[14,21,14,29,1,0,0,0],[14,31,14,34,0,0,0,0],[14,35,14,36,0,0,0,3],[14,36,46,6,0,0,0,0],[16,1,19,54,0,0,0,2],[20,13,20,28,0,0,0,0],[20,29,20,30,0,0,0,3],[20,30,25,10,0,0,0,0],[21,1,22,72,0,0,0,2],[25,10,25,16,0,0,0,3],[25,16,45,10,0,0,0,0],[25,20,25,35,0,0,0,0],[25,36,25,37,0,0,0,3],[25,37,40,10,0,0,0,0],[26,1,27,58,0,0,0,2],[28,17,28,27,0,0,0,0],[28,28,28,29,0,0,0,3],[28,29,34,14,0,0,0,0],[29,1,30,94,0,0,0,2],[33,1,33,53,0,0,0,2],[34,14,34,20,0,0,0,3],[34,20,39,14,0,0,0,0],[35,1,36,100,0,0,0,2],[40,10,40,16,0,0,0,3],[40,16,45,10,0,0,0,0],[41,1,42,110,0,0,0,2]]},{"branches":[],"count":15,"filenames":["/Users/xuanzhang/Desktop/未命名文件夹/hw3/expr.cpp"],"name":"_ZNK3Num6interpEv","regions":[[4,25,6,2,15,0,0,0]]},{"branches":[],"count":7,"filenames":["/Users/xuanzhang/Desktop/未命名文件夹/hw3/expr.cpp"],"name":"_ZNK3Num12has_variableEv","regions":[[8,32,10,2,7,0,0,0]]},{"branches":[],"count":12,"filenames":["/Users/xuanzhang/Desktop/未命名文件夹/hw3/expr.cpp"],"name":"_ZNK3Num5substERKNSt3__112basic_stringIcNS0_11char_traitsIcEENS0_9allocatorIcEEEEPK4Expr","regions":[[12,77,14,2,12,0,0,0]]},{"branches":[[18,12,18,15,16,0,0,0,4],[18,19,18,38,13,3,0,0,4]],"count":16,"filenames":["/Users/xuanzhang/Desktop/未命名文件夹/hw3/expr.cpp"],"name":"_ZNK3Num6equalsEPK4Expr","regions":[[16,43,19,2,16,0,0,0],[18,12,18,15,16,0,0,0],[18,19,18,38,16,0,0,0]]},{"branches":[],"count":15,"filenames":["/Users/xuanzhang/Desktop/未命名文件夹/hw3/expr.cpp"],"name":"_ZN3AddD2Ev","regions":[[22,13,25,2,15,0,0,0]]},{"branches":[],"count":6,"filenames":["/Users/xuanzhang/Desktop/未命名文件夹/hw3/expr.cpp"],"name":"_ZNK3Add6interpEv","regions":[[27,25,29,2,6,0,0,0]]},{"branches":[[32,12,32,31,2,1,0,0,4],[32,35,32,54,0,1,0,0,4]],"count":3,"filenames":["/Users/xuanzhang/Desktop/未命名文件夹/hw3/expr.cpp"],"name":"_ZNK3Add12has_variableEv","regions":[[31,32,33,2,3,0,0,0],[32,12,32,31,3,0,0,0],[32,35,32,54,1,0,0,0]]},{"branches":[],"count":5,"filenames":["/Users/xuanzhang/Desktop/未命名文件夹/hw3/expr.cpp"],"name":"_ZNK3Add5substERKNSt3__112basic_stringIcNS0_11char_traitsIcEENS0_9allocatorIcEEEEPK4Expr","regions":[[35,77,37,2,5,0,0,0]]},{"branches":[[41,12,41,15,5,0,0,0,4],[41,19,41,40,4,1,0,0,4],[41,44,41,65,4,0,0,0,4]],"count":5,"filenames":["/Users/xuanzhang/Desktop/未命名文件夹/hw3/expr.cpp"],"name":"_ZNK3Add6equalsEPK4Expr","regions":[[39,43,42,2,5,0,0,0],[41,12,41,15,5,0,0,0],[41,12,41,40,5,0,0,0],[41,19,41,40,5,0,0,0],[41,44,41,65,4,0,0,0]]},{"branches":[],"count":13,"filenames":["/Users/xuanzhang/Desktop/未命名文件夹/hw3/expr.cpp"],"name":"_ZN4MultD2Ev","regions":[[45,15,48,2,13,0,0,0]]},{"branches":[],"count":4,"filenames":["/Users/xuanzhang/Desktop/未命名文件夹/hw3/expr.cpp"],"name":"_ZNK4Mult6interpEv","regions":[[50,26,52,2,4,0,0,0]]},{"branches":[[55,12,55,31,1,2,0,0,4],[55,35,55,54,0,2,0,0,4]],"count":3,"filenames":["/Users/xuanzhang/Desktop/未命名文件夹/hw3/expr.cpp"],"name":"_ZNK4Mult12has_variableEv","regions":[[54,33,56,2,3,0,0,0],[55,12,55,31,3,0,0,0],[55,35,55,54,2,0,0,0]]},{"branches":[],"count":2,"filenames":["/Users/xuanzhang/Desktop/未命名文件夹/hw3/expr.cpp"],"name":"_ZNK4Mult5substERKNSt3__112basic_stringIcNS0_11char_traitsIcEENS0_9allocatorIcEEEEPK4Expr","regions":[[58,78,60,2,2,0,0,0]]},{"branches":[[64,12,64,16,3,0,0,0,4],[64,20,64,42,2,1,0,0,4],[64,46,64,68,2,0,0,0,4]],"count":3,"filenames":["/Users/xuanzhang/Desktop/未命名文件夹/hw3/expr.cpp"],"name":"_ZNK4Mult6equalsEPK4Expr","regions":[[62,44,65,2,3,0,0,0],[64,12,64,16,3,0,0,0],[64,12,64,42,3,0,0,0],[64,20,64,42,3,0,0,0],[64,46,64,68,2,0,0,0]]},{"branches":[],"count":2,"filenames":["/Users/xuanzhang/Desktop/未命名文件夹/hw3/expr.cpp"],"name":"_ZNK7VarExpr6interpEv","regions":[[68,29,70,2,2,0,0,0]]},{"branches":[],"count":4,"filenames":["/Users/xuanzhang/Desktop/未命名文件夹/hw3/expr.cpp"],"name":"_ZNK7VarExpr12has_variableEv","regions":[[72,36,74,2,4,0,0,0]]},{"branches":[[77,9,77,24,6,3,0,0,4]],"count":9,"filenames":["/Users/xuanzhang/Desktop/未命名文件夹/hw3/expr.cpp"],"name":"_ZNK7VarExpr5substERKNSt3__112basic_stringIcNS0_11char_traitsIcEENS0_9allocatorIcEEEEPK4Expr","regions":[[76,81,82,2,9,0,0,0],[77,9,77,24,9,0,0,0],[77,25,77,26,6,0,0,3],[77,26,79,6,6,0,0,0],[79,6,79,12,3,0,0,3],[79,12,81,6,3,0,0,0]]},{"branches":[[86,12,86,15,5,0,0,0,4],[86,19,86,36,4,1,0,0,4]],"count":5,"filenames":["/Users/xuanzhang/Desktop/未命名文件夹/hw3/expr.cpp"],"name":"_ZNK7VarExpr6equalsEPK4Expr","regions":[[84,47,87,2,5,0,0,0],[86,12,86,15,5,0,0,0],[86,19,86,36,5,0,0,0]]},{"branches":[],"count":73,"filenames":["/Users/xuanzhang/Desktop/未命名文件夹/hw3/expr.h"],"name":"_ZN3NumC2Ei","regions":[[20,35,20,37,73,0,0,0]]},{"branches":[],"count":92,"filenames":["/Users/xuanzhang/Desktop/未命名文件夹/hw3/expr.h"],"name":"_ZN4ExprD2Ev","regions":[[9,21,9,23,92,0,0,0]]},{"branches":[],"count":23,"filenames":["/Users/xuanzhang/Desktop/未命名文件夹/hw3/expr.h"],"name":"_ZN3AddC2EP4ExprS1_","regions":[[32,52,32,54,23,0,0,0]]},{"branches":[],"count":15,"filenames":["/Users/xuanzhang/Desktop/未命名文件夹/hw3/expr.h"],"name":"_ZN4MultC2EP4ExprS1_","regions":[[45,53,45,55,15,0,0,0]]},{"branches":[],"count":23,"filenames":["/Users/xuanzhang/Desktop/未命名文件夹/hw3/expr.h"],"name":"_ZN7VarExprC2ERKNSt3__112basic_stringIcNS0_11char_traitsIcEENS0_9allocatorIcEEEE","regions":[[57,51,57,53,23,0,0,0]]},{"branches":[],"count":1,"filenames":["/Users/xuanzhang/Desktop/未命名文件夹/hw3/Test.cpp"],"name":"Test.cpp:_ZL19C_A_T_C_H_T_E_S_T_0v","regions":[[4,25,11,2,1,0,0,0],[8,1,8,1,0,0,0,2],[10,18,11,2,1,0,0,0]]},{"branches":[],"count":1,"filenames":["/Users/xuanzhang/Desktop/未命名文件夹/hw3/Test.cpp"],"name":"Test.cpp:_ZL19C_A_T_C_H_T_E_S_T_2v","regions":[[13,25,20,2,1,0,0,0],[17,1,17,1,0,0,0,2],[19,18,20,2,1,0,0,0]]},{"branches":[],"count":1,"filenames":["/Users/xuanzhang/Desktop/未命名文件夹/hw3/Test.cpp"],"name":"Test.cpp:_ZL19C_A_T_C_H_T_E_S_T_4v","regions":[[22,26,29,2,1,0,0,0],[26,1,26,1,0,0,0,2],[28,18,29,2,1,0,0,0]]},{"branches":[],"count":1,"filenames":["/Users/xuanzhang/Desktop/未命名文件夹/hw3/Test.cpp"],"name":"Test.cpp:_ZL19C_A_T_C_H_T_E_S_T_6v","regions":[[31,29,39,2,1,0,0,0],[35,1,35,1,0,0,0,2],[37,18,39,2,1,0,0,0],[38,1,38,1,0,0,0,2]]},{"branches":[],"count":3,"filenames":["/Users/xuanzhang/Desktop/未命名文件夹/hw3/Test.cpp"],"name":"Test.cpp:_ZL19C_A_T_C_H_T_E_S_T_8v","regions":[[41,50,55,2,3,0,0,0],[43,1,43,1,0,0,0,2],[44,13,44,23,1,0,0,3],[44,23,46,6,1,0,0,0],[47,1,47,1,0,0,0,2],[48,12,55,2,3,0,0,0],[48,13,48,29,1,0,0,3],[48,29,50,6,1,0,0,0],[51,1,51,1,0,0,0,2],[52,12,55,2,3,0,0,0],[52,13,52,22,1,0,0,3],[52,22,54,6,1,0,0,0]]},{"branches":[],"count":3,"filenames":["/Users/xuanzhang/Desktop/未命名文件夹/hw3/Test.cpp"],"name":"Test.cpp:_ZL20C_A_T_C_H_T_E_S_T_13v","regions":[[56,50,72,2,3,0,0,0],[59,1,59,1,0,0,0,2],[60,13,60,23,1,0,0,3],[60,23,62,6,1,0,0,0],[63,1,63,1,0,0,0,2],[64,12,72,2,3,0,0,0],[64,13,64,29,1,0,0,3],[64,29,67,6,1,0,0,0],[66,16,67,6,1,0,0,0],[68,1,68,1,0,0,0,2],[69,12,72,2,3,0,0,0],[69,13,69,22,1,0,0,3],[69,22,71,6,1,0,0,0]]},{"branches":[],"count":3,"filenames":["/Users/xuanzhang/Desktop/未命名文件夹/hw3/Test.cpp"],"name":"Test.cpp:_ZL20C_A_T_C_H_T_E_S_T_18v","regions":[[74,51,90,2,3,0,0,0],[77,1,77,1,0,0,0,2],[78,13,78,23,1,0,0,3],[78,23,80,6,1,0,0,0],[81,1,81,1,0,0,0,2],[82,12,90,2,3,0,0,0],[82,13,82,29,1,0,0,3],[82,29,85,6,1,0,0,0],[84,16,85,6,1,0,0,0],[86,1,86,1,0,0,0,2],[87,12,90,2,3,0,0,0],[87,13,87,22,1,0,0,3],[87,22,89,6,1,0,0,0]]},{"branches":[],"count":3,"filenames":["/Users/xuanzhang/Desktop/未命名文件夹/hw3/Test.cpp"],"name":"Test.cpp:_ZL20C_A_T_C_H_T_E_S_T_23v","regions":[[92,54,107,2,3,0,0,0],[94,1,94,1,0,0,0,2],[95,13,95,23,1,0,0,3],[95,23,97,6,1,0,0,0],[98,1,98,1,0,0,0,2],[99,12,107,2,3,0,0,0],[99,13,99,29,1,0,0,3],[99,29,101,6,1,0,0,0],[102,1,102,1,0,0,0,2],[103,12,107,2,3,0,0,0],[103,13,103,22,1,0,0,3],[103,22,106,6,1,0,0,0],[105,16,106,6,1,0,0,0]]},{"branches":[],"count":1,"filenames":["/Users/xuanzhang/Desktop/未命名文件夹/hw3/Test.cpp"],"name":"Test.cpp:_ZL20C_A_T_C_H_T_E_S_T_28v","regions":[[108,44,114,2,1,0,0,0],[111,5,114,2,1,0,0,0],[113,5,114,2,1,0,0,0]]},{"branches":[],"count":1,"filenames":["/Users/xuanzhang/Desktop/未命名文件夹/hw3/Test.cpp"],"name":"Test.cpp:_ZL20C_A_T_C_H_T_E_S_T_30v","regions":[[115,25,121,2,1,0,0,0],[118,1,118,1,0,0,0,2],[119,5,121,2,1,0,0,0]]},{"branches":[],"count":1,"filenames":["/Users/xuanzhang/Desktop/未命名文件夹/hw3/Test.cpp"],"name":"Test.cpp:_ZL20C_A_T_C_H_T_E_S_T_32v","regions":[[123,38,131,2,1,0,0,0],[126,5,131,2,1,0,0,0],[127,1,127,1,0,0,0,2],[130,5,131,2,1,0,0,0]]},{"branches":[],"count":1,"filenames":["/Users/xuanzhang/Desktop/未命名文件夹/hw3/Test.cpp"],"name":"Test.cpp:_ZL20C_A_T_C_H_T_E_S_T_34v","regions":[[134,47,142,2,1,0,0,0],[138,1,138,1,0,0,0,2],[139,10,142,2,1,0,0,0]]}],"totals":{"branches":{"count":40,"covered":24,"notcovered":16,"percent":60},"functions":{"count":37,"covered":37,"percent":100},"instantiations":{"count":37,"covered":37,"percent":100},"lines":{"count":207,"covered":189,"percent":91.304347826086953},"regions":{"count":104,"covered":92,"notcovered":12,"percent":88.461538461538453}}}],"type":"llvm.coverage.json.export","version":"2.0.1"}